time,latitude,longitude,accuracy,altitude,altitudeAccuracy,heading,speed
8:0:26:867,56.307873,44.080495,3.700000,173.4,0,9,0.9527508616447449
8:0:27:898,56.307885,44.080495,3.700000,173.6,0,12,1.082460880279541
8:0:28:937,56.307897,44.080492,3.700000,173.7,0,342,0.8498063683509827
8:0:30:186,56.307903,44.080472,3.800000,173.6,0,287,0
8:0:31:83,56.307890,44.080448,3.800000,173.5,0,245,1.9981516599655151
8:0:31:60,56.307890,44.080448,3.900000,173.5,0,245,1.9981516599655151
8:0:31:667,56.307885,44.080413,3.900000,173.6,0,247,0
8:0:32:940,56.307870,44.080375,4.000000,173.7,0,244,3.0703179836273193
8:0:33:970,56.307858,44.080328,4.200000,173.9,0,244,3.294222116470337
8:0:34:953,56.307842,44.080272,4.400000,174.3,0,243,3.964390516281128
8:0:35:895,56.307820,44.080218,4.500000,174.6,0,240,4.1254987716674805
8:0:36:959,56.307793,44.080165,4.600000,174.9,0,236,4.421463966369629
8:0:37:959,56.307780,44.080103,4.700000,175.1,0,239,4.306680679321289
8:0:38:999,56.307762,44.080052,4.800000,175.2,0,235,3.8660786151885986
8:0:40:31,56.307752,44.079997,4.900000,175.2,0,239,3.720412254333496
8:0:40:647,56.307732,44.079945,4.900000,175.2,0,235,3.7389421463012695
8:0:41:640,56.307718,44.079885,5.000000,175.1,0,239,3.972626209259033
8:0:42:694,56.307715,44.079810,5.100000,174.9,0,249,4.59235143661499
8:0:43:734,56.307703,44.079753,5.100000,174.9,0,242,3.224220037460327
8:0:44:727,56.307687,44.079705,5.100000,174.7,0,238,3.2442941665649414
8:0:45:741,56.307687,44.079652,5.100000,174.5,0,247,3.1372318267822266
8:0:46:704,56.307652,44.079610,5.000000,174,0,236,3.3420913219451904
8:0:47:731,56.307637,44.079570,5.000000,173.5,0,229,2.285881280899048
8:0:48:831,56.307622,44.079547,4.900000,173.1,0,215,1.3475427627563477
8:0:49:809,56.307610,44.079537,4.900000,172.7,0,198,0.5039130449295044
8:0:49:887,56.307610,44.079537,4.900000,172.7,0,198,0.5039130449295044
8:0:50:890,56.307612,44.079530,4.900000,172.4,0,199,0
8:0:51:923,56.307612,44.079518,4.900000,172,0,253,0
8:0:54:183,56.307613,44.079512,4.900000,171.9,0,220,0
8:0:54:210,56.307613,44.079512,4.900000,171.9,0,220,0
8:0:54:787,56.307613,44.079512,4.900000,171.9,0,220,0
8:0:55:906,56.307705,44.079427,4.800000,174.1,0,358,0.4035422205924988
8:0:57:618,56.307730,44.079407,4.800000,174.7,0,328,0
8:0:57:698,56.307730,44.079407,4.800000,174.7,0,328,0
8:0:58:665,56.307735,44.079398,4.800000,174.9,0,319,0
8:0:59:701,56.307748,44.079387,4.900000,175.4,0,45,0
8:0:59:925,56.307748,44.079387,4.900000,175.4,0,45,0
8:1:0:589,56.307748,44.079387,4.900000,175.4,0,45,0
8:1:1:881,56.307748,44.079387,5.000000,175.4,0,45,0
8:1:2:699,56.307748,44.079387,5.200000,175.4,0,45,0
8:1:3:659,56.307748,44.079387,5.300000,175.4,0,45,0
8:1:4:581,56.307748,44.079387,5.200000,175.4,0,45,0
8:1:5:586,56.307748,44.079387,5.200000,175.4,0,45,0
8:1:6:692,56.307748,44.079387,5.300000,175.4,0,45,0
8:1:7:746,56.307748,44.079387,5.300000,175.4,0,45,0
8:1:8:860,56.307748,44.079387,5.300000,175.4,0,45,0
8:1:9:694,56.307748,44.079387,5.300000,175.4,0,45,0
8:1:10:580,56.307748,44.079387,5.400000,175.4,0,45,0
8:1:11:913,56.307748,44.079387,5.300000,175.4,0,45,0
8:1:12:808,56.307748,44.079387,5.300000,175.4,0,45,0
8:1:13:703,56.307748,44.079387,5.300000,175.4,0,45,0
8:1:14:802,56.307748,44.079387,5.300000,175.4,0,45,0
8:1:16:694,56.307842,44.079368,5.300000,180.3,0,329,0.43236666917800903
8:1:16:781,56.307842,44.079368,5.300000,180.3,0,329,0.43236666917800903
8:1:17:664,56.307860,44.079360,5.300000,180.7,0,330,0
8:1:18:694,56.307683,44.079415,4.200000,178.5,0,179,0
8:1:20:847,56.307655,44.079418,3.700000,178.2,0,224,0
8:1:21:947,56.307632,44.079440,3.500000,178.3,0,145,0.4179544448852539
8:1:22:649,56.307623,44.079417,3.900000,178.4,0,243,0
8:1:23:742,56.307613,44.079420,3.400000,178.5,0,12,0.6078869700431824
8:1:24:791,56.307608,44.079442,3.300000,178.7,0,40,0
8:1:25:839,56.307607,44.079443,3.300000,178.8,0,302,0
8:1:26:895,56.307603,44.079458,3.200000,178.9,0,42,0
8:1:28:112,56.307602,44.079465,3.200000,179,0,38,0
8:1:28:665,56.307602,44.079465,3.100000,179,0,38,0
8:1:29:778,56.307602,44.079465,3.100000,179,0,38,0
8:1:30:834,56.307602,44.079465,3.100000,179,0,38,0
8:1:32:530,56.307602,44.079465,3.100000,179,0,38,0
8:1:32:659,56.307602,44.079465,3.100000,179,0,38,0
8:1:33:692,56.307602,44.079465,3.900000,179,0,38,0
8:1:34:703,56.307602,44.079465,3.100000,179,0,38,0
8:1:35:819,56.307602,44.079465,3.200000,179,0,38,0
8:1:36:953,56.307602,44.079465,3.900000,179,0,38,0
8:1:38:151,56.307602,44.079465,3.900000,179,0,38,0
8:1:39:915,56.307602,44.079465,3.100000,179,0,38,0
8:1:41:38,56.307602,44.079465,3.900000,179,0,38,0
8:1:41:685,56.307602,44.079465,3.900000,179,0,38,0
8:1:42:839,56.307602,44.079465,3.000000,179,0,38,0
8:1:43:856,56.307602,44.079465,3.900000,179,0,38,0
8:1:44:945,56.307508,44.079548,3.000000,179.4,0,129,0.16574054956436157
8:1:45:955,56.307498,44.079553,2.900000,179.5,0,252,0
8:1:46:632,56.307490,44.079565,2.900000,179.8,0,219,0
8:1:47:752,56.307478,44.079580,2.900000,180.1,0,155,0
8:1:48:838,56.307478,44.079580,2.900000,180.1,0,155,0
8:1:49:877,56.307478,44.079580,3.900000,180.1,0,155,0
8:1:50:953,56.307478,44.079580,2.800000,180.1,0,155,0
8:1:52:50,56.307478,44.079580,2.800000,180.1,0,155,0
8:1:52:635,56.307478,44.079580,2.900000,180.1,0,155,0
8:1:53:942,56.307438,44.079602,2.900000,180.9,0,195,0
8:1:55:196,56.307440,44.079605,2.900000,180.9,0,184,0
8:1:55:787,56.307447,44.079600,2.900000,180.8,0,174,0
8:1:56:921,56.307452,44.079598,3.000000,180.7,0,151,0
8:1:57:661,56.307452,44.079598,3.900000,180.7,0,151,0
8:1:58:914,56.307452,44.079598,3.900000,180.7,0,151,0
8:1:59:654,56.307452,44.079598,3.100000,180.7,0,151,0
8:2:0:837,56.307452,44.079598,3.900000,180.7,0,151,0
8:2:0:907,56.307452,44.079598,3.000000,180.7,0,151,0
8:2:2:111,56.307492,44.079540,3.000000,180.7,0,342,0.7159786224365234
8:2:2:662,56.307508,44.079535,3.900000,180.9,0,337,0.8101727962493896
8:2:4:845,56.307517,44.079530,3.000000,181,0,332,0.5641355514526367
8:2:5:853,56.307513,44.079527,3.900000,181.1,0,324,0.49567750096321106
8:2:6:922,56.307497,44.079527,3.000000,181.1,0,306,0
8:2:7:931,56.307480,44.079530,3.900000,181.2,0,280,0
8:2:9:43,56.307455,44.079542,2.900000,181.4,0,193,0
8:2:9:672,56.307455,44.079542,3.900000,181.4,0,193,0
8:2:10:831,56.307455,44.079542,2.800000,181.4,0,193,0
8:2:11:988,56.307455,44.079542,2.800000,181.4,0,193,0
8:2:12:623,56.307398,44.079543,2.800000,181.4,0,221,0.6809775233268738
8:2:13:794,56.307390,44.079538,3.900000,181.6,0,220,0.7051694393157959
8:2:14:903,56.307368,44.079545,2.800000,181.7,0,195,1.1179766654968262
8:2:16:20,56.307357,44.079533,3.900000,181.9,0,228,1.8962366580963135
8:2:16:630,56.307333,44.079515,2.900000,182.1,0,224,3.2875308990478516
8:2:17:828,56.307320,44.079470,3.900000,182.1,0,243,3.6545276641845703
8:2:18:844,56.307305,44.079430,2.900000,182.2,0,241,3.4162113666534424
8:2:20:56,56.307305,44.079383,3.000000,182.3,0,262,2.8690617084503174
8:2:20:679,56.307332,44.079303,3.900000,183.6,0,278,3.4043726921081543
8:2:21:874,56.307357,44.079238,2.900000,183.8,0,296,4.1435136795043945
8:2:22:968,56.307390,44.079182,3.900000,184,0,313,4.389551162719727
8:2:24:94,56.307432,44.079117,3.900000,184,0,321,5.9445271492004395
8:2:24:727,56.307470,44.079030,2.900000,184.3,0,312,6.423218727111816
8:2:25:860,56.307522,44.078958,2.900000,184.4,0,320,6.28527307510376
8:2:26:984,56.307578,44.078887,2.900000,184.6,0,324,7.073827266693115
8:2:27:630,56.307650,44.078815,2.900000,184.5,0,325,7.769217014312744
8:2:28:775,56.307717,44.078735,2.900000,184.6,0,325,8.16246509552002
8:2:29:903,56.307783,44.078658,3.000000,184.7,0,326,7.804218292236328
8:2:31:27,56.307883,44.078553,2.900000,184.2,0,325,8.934548377990723
8:2:32:966,56.307978,44.078448,3.900000,183.8,0,326,9.091538429260254
8:2:34:762,56.307978,44.078448,2.800000,183.8,0,326,9.091538429260254
8:2:39:238,56.308397,44.077923,3.900000,182.8,0,322,7.369792938232422
8:2:40:660,56.308550,44.077703,2.500000,182.5,0,321,6.549840450286865
8:2:42:50,56.308598,44.077635,2.600000,182.4,0,323,6.638887405395508
8:2:42:723,56.308648,44.077573,3.900000,182.6,0,324,6.528736591339111
8:2:44:658,56.308748,44.077427,2.500000,182.7,0,324,6.563737869262695
8:2:45:846,56.308798,44.077362,2.500000,182.8,0,325,6.705801010131836
8:2:46:988,56.308845,44.077305,2.500000,182.7,0,327,6.077325344085693
8:2:47:624,56.308887,44.077250,2.500000,182.5,0,324,5.584736347198486
8:2:48:808,56.308927,44.077197,2.600000,182.4,0,324,5.26200532913208
8:2:49:927,56.308965,44.077150,3.900000,182.2,0,324,4.893464088439941
8:2:51:286,56.308998,44.077107,2.600000,182.1,0,326,4.419404983520508
8:2:51:928,56.309030,44.077068,3.900000,181.9,0,324,3.9751996994018555
8:2:53:353,56.309058,44.077018,3.500000,181.6,0,320,3.6936466693878174
8:2:54:621,56.309093,44.076968,3.100000,180.5,0,325,1.6774797439575195
8:2:55:862,56.309103,44.076953,3.000000,180.3,0,325,1.1833463907241821
8:2:56:964,56.309108,44.076948,2.900000,179.8,0,325,0
8:2:57:617,56.309112,44.076953,3.900000,179.5,0,325,0
8:2:59:857,56.309115,44.076953,3.900000,179.2,0,325,0
8:3:1:242,56.309115,44.076953,2.700000,179.2,0,325,0
8:3:1:258,56.309115,44.076953,3.900000,179.2,0,325,0
8:3:1:940,56.309115,44.076953,2.600000,179.2,0,325,0
8:3:2:679,56.309115,44.076953,2.600000,179.2,0,325,0
8:3:3:881,56.309115,44.076953,2.600000,179.2,0,325,0
8:3:4:694,56.309115,44.076953,3.900000,179.2,0,325,0
8:3:5:933,56.309115,44.076953,2.500000,179.2,0,325,0
8:3:7:34,56.309115,44.076953,2.500000,179.2,0,325,0
8:3:7:729,56.309115,44.076953,2.500000,179.2,0,325,0
8:3:8:983,56.309115,44.076953,3.900000,179.2,0,325,0
8:3:9:686,56.309115,44.076953,2.400000,179.2,0,325,0
8:3:11:51,56.309115,44.076953,2.400000,179.2,0,325,0
8:3:11:654,56.309115,44.076953,2.400000,179.2,0,325,0
8:3:12:888,56.309115,44.076953,3.900000,179.2,0,325,0
8:3:14:311,56.309115,44.076953,2.400000,179.2,0,325,0
8:3:14:960,56.309115,44.076953,2.400000,179.2,0,325,0
8:3:15:583,56.309115,44.076953,3.900000,179.2,0,325,0
8:3:15:667,56.309115,44.076953,2.400000,179.2,0,325,0
8:3:16:892,56.309115,44.076953,2.400000,179.2,0,325,0
8:3:18:92,56.309115,44.076953,2.400000,179.2,0,325,0
8:3:19:825,56.309152,44.076882,2.400000,178.9,0,318,1.8205724954605103
8:3:19:892,56.309152,44.076882,3.900000,178.9,0,318,1.8205724954605103
8:3:21:98,56.309173,44.076852,2.400000,178.5,0,322,3.8398277759552
8:3:21:907,56.309207,44.076808,2.400000,178.2,0,325,5.303183078765869
8:3:22:644,56.309248,44.076757,3.900000,178.2,0,323,5.699004650115967
8:3:23:881,56.309293,44.076680,3.900000,178.3,0,324,6.032029628753662
8:3:25:781,56.309398,44.076570,3.000000,178.1,0,325,6.694477081298828
8:3:25:848,56.309398,44.076570,3.900000,178.1,0,325,6.694477081298828
8:3:27:61,56.309452,44.076510,2.900000,178.2,0,325,6.686756610870361
8:3:27:690,56.309505,44.076447,2.800000,178.2,0,327,7.028532028198242
8:3:28:999,56.309557,44.076380,2.800000,178.2,0,325,7.196846008300781
8:3:29:659,56.309612,44.076315,2.700000,178.2,0,326,7.3769989013671875
8:3:32:50,56.309722,44.076170,2.700000,178.3,0,323,8.123860359191895
8:3:32:717,56.309780,44.076092,3.900000,178.5,0,320,8.577845573425293
8:3:34:0,56.309838,44.076008,2.600000,178.4,0,323,8.538211822509766
8:3:34:666,56.309900,44.075933,2.600000,178.7,0,327,8.354455947875977
8:3:35:882,56.309962,44.075858,2.700000,178.7,0,326,8.23298168182373
8:3:36:684,56.310020,44.075780,2.700000,178.7,0,324,7.956576347351074
8:3:37:982,56.310080,44.075708,2.700000,178.8,0,326,8.1650390625
8:3:39:377,56.310143,44.075653,2.700000,178.9,0,328,7.991062641143799
8:3:40:762,56.310265,44.075528,3.900000,178.9,0,327,7.908707141876221
8:3:42:86,56.310323,44.075462,2.600000,178.8,0,325,7.922604560852051
8:3:42:781,56.310380,44.075390,2.600000,179,0,318,7.957090854644775
8:3:43:618,56.310437,44.075308,2.600000,179,0,320,8.167097091674805
8:3:44:859,56.310492,44.075228,3.900000,179.1,0,331,7.645683765411377
8:3:46:42,56.310545,44.075152,2.600000,179.3,0,323,7.512885570526123
8:3:46:888,56.310605,44.075082,2.600000,179.5,0,324,7.886059284210205
8:3:47:612,56.310665,44.075003,3.900000,179.4,0,322,8.241217613220215
8:3:48:185,56.310665,44.075003,2.600000,179.4,0,322,8.241217613220215
8:3:48:867,56.310723,44.074922,2.600000,179.5,0,322,8.258718490600586
8:3:50:92,56.310785,44.074845,2.600000,179.6,0,324,8.1614351272583
8:3:50:779,56.310847,44.074772,2.600000,179.6,0,326,8.414678573608398
8:3:52:66,56.310908,44.074692,2.600000,179.5,0,323,8.43475341796875
8:3:52:928,56.310970,44.074620,3.900000,179.8,0,324,8.267468452453613
8:3:53:670,56.311032,44.074542,3.700000,180,0,325,8.141361236572266
8:3:54:881,56.311097,44.074460,3.300000,180.1,0,325,8.229378700256348
8:3:56:320,56.311162,44.074377,3.100000,180.1,0,323,8.354455947875977
8:3:57:635,56.311288,44.074222,2.800000,180.3,0,324,8.278792381286621
8:3:58:961,56.311348,44.074148,3.900000,180.4,0,325,8.048711776733398
8:3:59:652,56.311408,44.074075,2.700000,180.5,0,324,8.152170181274414
8:4:0:942,56.311467,44.073998,3.900000,180.7,0,325,8.132096290588379
8:4:1:612,56.311528,44.073922,3.900000,180.8,0,324,8.265409469604492
8:4:2:866,56.311588,44.073840,2.600000,180.6,0,320,8.413134574890137
8:4:4:58,56.311648,44.073758,3.900000,180.7,0,323,8.414678573608398
8:4:4:678,56.311710,44.073682,2.500000,180.7,0,324,8.275703430175781
8:4:5:996,56.311770,44.073607,2.600000,180.7,0,324,8.371441841125488
8:4:6:640,56.311828,44.073528,2.600000,180.9,0,321,8.17790699005127
8:4:7:909,56.311890,44.073453,2.600000,180.9,0,325,8.488799095153809
8:4:8:662,56.311952,44.073373,2.600000,180.9,0,324,8.452253341674805
8:4:9:962,56.312013,44.073295,2.700000,180.9,0,324,8.468724250793457
8:4:10:660,56.312073,44.073208,3.900000,180.2,0,321,8.479534149169922
8:4:12:560,56.312192,44.073028,2.800000,180.2,0,317,8.748733520507812
8:4:13:878,56.312252,44.072950,2.800000,180.2,0,323,8.329750061035156
8:4:15:181,56.312313,44.072877,2.800000,179.9,0,324,8.296807289123535
8:4:15:846,56.312373,44.072797,2.800000,179.8,0,324,8.326661109924316
8:4:17:912,56.312492,44.072635,3.900000,179.7,0,323,8.411075592041016
8:4:19:203,56.312553,44.072562,2.900000,179.7,0,323,8.271586418151855
8:4:19:881,56.312615,44.072488,3.900000,179.6,0,324,8.550050735473633
8:4:21:295,56.312673,44.072405,3.000000,179.4,0,321,8.553138732910156
8:4:22:42,56.312735,44.072330,3.000000,179.4,0,324,8.528946876525879
8:4:22:785,56.312795,44.072255,3.000000,179.3,0,319,8.421884536743164
8:4:24:119,56.312860,44.072185,3.000000,179.3,0,326,8.571154594421387
8:4:24:817,56.312927,44.072120,4.400000,179.5,0,329,8.727115631103516
8:4:26:330,56.312988,44.072057,4.000000,179.3,0,329,8.463577270507812
8:4:27:710,56.313140,44.072003,3.900000,177.8,0,337,8.50269603729248
8:4:27:739,56.313140,44.072003,3.500000,177.8,0,337,8.50269603729248
8:4:29:119,56.313212,44.071960,3.400000,177,0,339,8.476445198059082
8:4:29:819,56.313282,44.071910,3.900000,175.8,0,337,8.291145324707031
8:4:31:122,56.313355,44.071868,3.000000,174.4,0,340,8.150626182556152
8:4:31:998,56.313422,44.071825,2.900000,173.4,0,342,7.893265247344971
8:4:32:754,56.313487,44.071785,3.900000,172.8,0,340,7.466560363769531
8:4:33:981,56.313553,44.071752,2.700000,172,0,344,8.127464294433594
8:4:34:680,56.313622,44.071720,3.900000,171.5,0,345,7.982312202453613
8:4:35:933,56.313688,44.071692,2.700000,171.3,0,346,7.705391883850098
8:4:36:621,56.313755,44.071663,3.900000,170.8,0,347,7.679141044616699
8:4:38:78,56.313823,44.071635,2.500000,169.9,0,349,7.911795139312744
8:4:38:831,56.313895,44.071605,2.500000,169.5,0,346,7.8927507400512695
8:4:40:87,56.313962,44.071570,2.500000,169.1,0,346,7.489208221435547
8:4:40:831,56.314032,44.071540,2.500000,168.7,0,349,7.6662726402282715
8:4:42:150,56.314100,44.071517,2.500000,168.7,0,348,7.645683765411377
8:4:42:866,56.314167,44.071483,2.600000,168.3,0,342,7.6271538734436035
8:4:43:608,56.314238,44.071448,2.600000,168.2,0,346,7.988488674163818
8:4:45:725,56.314378,44.071398,2.700000,168,0,349,8.070844650268555
8:4:47:58,56.314450,44.071378,3.900000,167.7,0,352,8.046652793884277
8:4:47:774,56.314520,44.071362,2.800000,167.2,0,350,7.875764846801758
8:4:49:40,56.314590,44.071343,2.800000,166.8,0,351,8.048196792602539
8:4:49:898,56.314668,44.071338,2.800000,166.2,0,351,8.226290702819824
8:4:50:737,56.314738,44.071312,2.800000,166,0,342,8.13672924041748
8:4:52:8,56.314813,44.071298,2.900000,166,0,358,8.593802452087402
8:4:52:715,56.314882,44.071277,2.900000,165.9,0,354,8.154229164123535
8:4:54:16,56.314955,44.071258,3.000000,165.9,0,355,8.33541202545166
8:4:54:697,56.315033,44.071242,3.100000,165.4,0,351,8.550050735473633
8:4:56:54,56.315118,44.071233,4.600000,164.3,0,350,8.949475288391113
8:4:56:819,56.315177,44.071172,4.300000,164.1,0,347,8.422914505004883
8:4:58:130,56.315252,44.071152,4.000000,163.5,0,350,9.091538429260254
8:4:58:860,56.315348,44.071155,3.500000,161.7,0,347,9.235146522521973
8:5:1:99,56.315528,44.071058,3.900000,159.4,0,345,10.072599411010742
8:5:1:894,56.315625,44.071005,3.000000,157.7,0,343,10.105026245117188
8:5:2:634,56.315717,44.070952,2.900000,155.2,0,340,9.731338500976562
8:5:3:888,56.315802,44.070890,3.900000,153.8,0,338,9.695307731628418
8:5:4:634,56.315880,44.070825,2.800000,153.3,0,332,9.56920051574707
8:5:6:168,56.315958,44.070753,2.700000,153.4,0,328,9.403460502624512
8:5:6:816,56.316030,44.070675,2.700000,152.8,0,325,9.411181449890137
8:5:8:788,56.316160,44.070492,3.900000,151.3,0,318,9.04058074951171
8:5:8:806,56.316160,44.070492,2.600000,151.3,0,318,9.040580749511719
8:5:10:375,56.316217,44.070392,2.500000,151.4,0,316,8.87175178527832
8:5:11:85,56.316272,44.070285,3.900000,151.1,0,313,8.956681251525879
8:5:11:783,56.316322,44.070192,2.500000,149.9,0,313,8.835721969604492
8:5:12:897,56.316380,44.070095,2.400000,149.4,0,313,8.960284233093262
8:5:14:162,56.316435,44.069987,3.900000,149,0,312,9.335516929626465
8:5:14:235,56.316435,44.069987,2.400000,149,0,312,9.335516929626465
8:5:14:954,56.316483,44.069877,2.400000,148.3,0,306,9.01741886138916
8:5:15:931,56.316527,44.069760,2.300000,147.5,0,303,9.003005981445312
8:5:16:656,56.316568,44.069637,2.300000,147.2,0,303,8.82903003692627
8:5:17:995,56.316605,44.069517,2.300000,146.5,0,297,8.677186965942383
8:5:18:727,56.316638,44.069393,2.300000,146.2,0,297,8.652995109558105
8:5:20:62,56.316670,44.069270,2.300000,145.7,0,295,8.631891250610352
8:5:20:774,56.316703,44.069142,3.900000,145.7,0,294,8.616450309753418
8:5:22:97,56.316738,44.069017,2.300000,145.8,0,294,8.34519100189209
8:5:22:834,56.316768,44.068893,2.300000,145.5,0,291,8.250997543334961
8:5:23:663,56.316795,44.068767,2.300000,145.4,0,292,8.2185697555542
8:5:24:968,56.316825,44.068645,2.300000,145.4,0,296,8.01988697052002
8:5:25:749,56.316853,44.068518,2.300000,145.5,0,291,8.130552291870117
8:5:26:877,56.316883,44.068395,3.400000,146.2,0,290,8.523284912109375
8:5:28:284,56.316918,44.068243,3.100000,146.3,0,294,8.727115631103516
8:5:29:52,56.316953,44.068108,2.900000,146.5,0,293,9.029256820678711
8:5:29:758,56.316983,44.067972,3.900000,147.3,0,291,9.127054214477539
8:5:31:83,56.317012,44.067830,2.700000,147.6,0,292,9.251102447509766
8:5:31:781,56.317045,44.067702,2.600000,148.2,0,293,9.25676441192627
8:5:33:175,56.317078,44.067572,2.600000,148.4,0,293,9.217645645141602
8:5:33:900,56.317108,44.067438,2.500000,148.4,0,293,9.0477876663208
8:5:34:654,56.317142,44.067312,2.400000,149,0,295,8.925798416137695
8:5:36:21,56.317175,44.067185,2.400000,148.9,0,295,8.79094123840332
8:5:36:755,56.317205,44.067063,2.400000,149,0,292,8.752851486206055
8:5:38:133,56.317237,44.066940,2.400000,148.9,0,293,8.637039184570312
8:5:38:871,56.317268,44.066815,2.300000,148.5,0,293,8.529461860656738
8:5:40:197,56.317302,44.066688,2.300000,148.5,0,294,8.83417797088623
8:5:40:955,56.317335,44.066567,2.300000,148.6,0,296,8.394604682922363
8:5:41:747,56.317372,44.066448,2.300000,148.7,0,298,8.422914505004883
8:5:43:162,56.317405,44.066333,2.200000,148.8,0,296,8.26129150390625
8:5:43:861,56.317440,44.066217,3.900000,149.3,0,296,8.040990829467773
8:5:44:612,56.317472,44.066102,2.200000,149.9,0,295,7.788261890411377
8:5:46:29,56.317502,44.065990,2.200000,150.4,0,294,7.460383892059326
8:5:46:753,56.317530,44.065882,2.100000,151,0,294,7.309055328369141
8:5:48:116,56.317558,44.065777,2.100000,151.5,0,294,7.194272518157959
8:5:48:836,56.317585,44.065673,2.100000,152,0,292,7.02595853805542
8:5:51:63,56.317635,44.065477,2.100000,152.6,0,295,6.510721206665039
8:5:51:808,56.317662,44.065382,3.900000,152.9,0,294,6.542634010314941
8:5:53:224,56.317687,44.065285,2.100000,153.4,0,292,6.506088733673096
8:5:53:943,56.317707,44.065192,2.100000,153.7,0,290,5.835920333862305
8:5:54:729,56.317727,44.065105,2.100000,153.8,0,294,5.951218128204346
8:5:56:75,56.317750,44.065017,3.900000,154.1,0,294,6.160195350646973
8:5:56:822,56.317773,44.064928,3.900000,154.6,0,294,5.881216049194336
8:5:57:613,56.317795,44.064838,3.100000,155.2,0,291,6.099973201751709
8:5:59:4,56.317812,44.064745,3.900000,155.2,0,289,5.8976874351501465
8:5:59:726,56.317830,44.064653,3.900000,155.3,0,288,5.980042934417725
8:6:0:812,56.317848,44.064563,2.600000,155.7,0,291,5.986734390258789
8:6:2:872,56.317882,44.064390,2.500000,155.9,0,285,5.286197185516357
8:6:3:624,56.317897,44.064302,2.500000,155.9,0,285,5.558485507965088
8:6:5:688,56.317927,44.064122,3.900000,156.7,0,286,5.548705577850342
8:6:7:66,56.317943,44.064037,3.900000,157,0,288,5.553852558135986
8:6:7:823,56.317960,44.063953,2.400000,157.4,0,288,5.281050205230713
8:6:8:567,56.317975,44.063867,3.900000,157.7,0,288,5.802463531494141
8:6:9:544,56.317992,44.063778,3.900000,158.6,0,286,5.884819030761719
8:6:9:838,56.317992,44.063778,2.400000,158.6,0,286,5.884819030761719
8:6:11:144,56.318008,44.063692,3.900000,159.3,0,289,5.544073104858398
8:6:12:603,56.318048,44.063527,2.300000,160,0,291,5.393259525299072
8:6:14:76,56.318067,44.063443,3.900000,160.2,0,291,5.640326023101807
8:6:14:902,56.318087,44.063357,2.300000,160.3,0,291,5.678930282592773
8:6:15:660,56.318103,44.063273,2.300000,160.6,0,289,5.266122817993164
8:6:16:998,56.318118,44.063192,2.300000,160.6,0,288,5.274358749389648
8:6:17:738,56.318137,44.063108,2.300000,160.8,0,292,5.462747097015381
8:6:19:135,56.318150,44.063030,2.400000,160.8,0,287,5.170384883880615
8:6:19:874,56.318165,44.062948,2.400000,161,0,288,5.1575164794921875
8:6:20:642,56.318182,44.062862,2.400000,161.1,0,290,5.535322666168213
8:6:22:100,56.318197,44.062773,3.900000,161.4,0,286,5.427231311798096
8:6:23:664,56.318225,44.062613,2.400000,161.8,0,289,4.460582733154297
8:6:25:898,56.318245,44.062532,2.400000,162.2,0,297,1.6471110582351685
8:6:26:655,56.318250,44.062527,2.300000,162.5,0,297,0.0427219457924366
8:6:28:40,56.318252,44.062527,2.400000,162.7,0,297,0
8:6:28:752,56.318250,44.062528,3.900000,162.8,0,297,0
8:6:30:168,56.318252,44.062530,2.300000,162.7,0,297,0
8:6:30:915,56.318252,44.062530,2.300000,162.7,0,297,0
8:6:31:650,56.318252,44.062530,2.300000,162.7,0,297,0
8:6:33:109,56.318252,44.062530,2.300000,162.7,0,297,0
8:6:34:623,56.318277,44.062393,3.400000,162.2,0,286,4.003509521484375
8:6:36:16,56.318283,44.062312,3.200000,162.4,0,285,5.055601596832275
8:6:36:763,56.318300,44.062215,3.100000,162.5,0,290,6.010926246643066
8:6:38:176,56.318317,44.062113,2.900000,162.5,0,289,6.467999458312988
8:6:38:953,56.318335,44.062013,2.800000,162.5,0,290,6.5719733238220215
8:6:39:720,56.318355,44.061908,2.700000,162.8,0,289,6.581753253936768
8:6:41:58,56.318377,44.061795,2.700000,162.5,0,288,7.232876777648926
8:6:41:830,56.318395,44.061685,2.700000,162.7,0,287,6.986324787139893
8:6:42:663,56.318415,44.061580,2.600000,163,0,288,7.233391284942627
8:6:44:749,56.318453,44.061352,2.600000,163.3,0,290,7.413544178009033
8:6:47:170,56.318500,44.061123,2.600000,163.2,0,292,7.502076625823975
8:6:47:885,56.318523,44.061005,2.600000,163.7,0,288,7.7270097732543945
8:6:48:672,56.318543,44.060887,3.900000,163.9,0,287,7.694582462310791
8:6:50:156,56.318567,44.060760,2.600000,163.9,0,286,7.8500285148620605
8:6:51:22,56.318578,44.060640,2.600000,163.8,0,277,8.154229164123535
8:6:51:792,56.318593,44.060520,2.600000,163.9,0,291,7.058385848999023
8:6:53:585,56.318633,44.060305,2.700000,163.8,0,291,6.644034385681152
8:6:55:47,56.318650,44.060202,3.900000,163.7,0,285,6.979118824005127
8:6:55:831,56.318670,44.060095,2.700000,163.8,0,284,7.2148613929748535
8:6:57:239,56.318690,44.059982,2.700000,163.8,0,286,7.828925132751465
8:6:58:58,56.318712,44.059863,2.700000,163.5,0,284,8.001357078552246
8:6:58:860,56.318735,44.059743,3.900000,163.4,0,288,8.00701904296875
8:6:59:618,56.318758,44.059622,2.600000,163.1,0,290,8.025033950805664
8:7:1:87,56.318783,44.059498,3.900000,162.8,0,289,8.23298168182373
8:7:1:842,56.318812,44.059377,2.600000,162.3,0,288,8.012166023254395
8:7:2:657,56.318840,44.059262,3.900000,161.9,0,291,7.9848856925964355
8:7:4:56,56.318865,44.059143,3.900000,161.6,0,289,7.533988952636719
8:7:4:795,56.318888,44.059040,3.900000,161.1,0,289,7.293613910675049
8:7:6:252,56.318910,44.058927,3.700000,160.8,0,290,7.477369785308838
8:7:7:54,56.318925,44.058808,3.500000,160.5,0,288,7.171624660491943
8:7:7:837,56.318947,44.058707,3.300000,160.1,0,289,7.15309476852417
8:7:8:598,56.318965,44.058605,3.100000,160.2,0,290,6.98117733001709
8:7:9:576,56.318992,44.058497,3.900000,159.8,0,291,7.333762168884277
8:7:11:710,56.319050,44.058262,2.700000,159.4,0,291,8.323573112487793
8:7:14:4,56.319107,44.058000,3.900000,158.2,0,293,8.349308967590332
8:7:14:786,56.319140,44.057875,3.900000,157.8,0,296,8.26180648803711
8:7:15:615,56.319175,44.057750,2.500000,157.9,0,298,8.513505935668945
8:7:17:74,56.319210,44.057628,2.500000,157.7,0,296,8.371956825256348
8:7:17:868,56.319245,44.057515,2.500000,157.6,0,299,7.899441719055176
8:7:18:618,56.319280,44.057405,3.900000,157.5,0,300,7.86444091796875
8:7:20:46,56.319313,44.057300,2.400000,157.1,0,298,7.330673694610596
8:7:20:861,56.319345,44.057203,3.900000,157.2,0,301,6.959558963775635
8:7:21:634,56.319377,44.057105,2.400000,157.1,0,300,7.227729320526123
8:7:23:211,56.319408,44.057000,2.400000,157,0,297,7.685317516326904
8:7:24:4,56.319438,44.056890,3.900000,156.8,0,297,7.540680408477783
8:7:24:791,56.319470,44.056780,3.900000,156.7,0,296,7.559210777282715
8:7:26:813,56.319538,44.056562,2.400000,156.4,0,299,7.887088775634766
8:7:29:47,56.319605,44.056338,3.900000,156.2,0,296,7.886059284210205
8:7:29:843,56.319637,44.056225,3.900000,155.7,0,296,7.712082862854004
8:7:30:660,56.319670,44.056117,2.400000,155.3,0,298,7.600388526916504
8:7:32:175,56.319700,44.056007,2.400000,155.3,0,297,7.701788425445557
8:7:32:961,56.319735,44.055897,2.400000,155,0,294,8.438870429992676
8:7:34:34,56.319767,44.055780,3.900000,154.4,0,294,8.185112953186035
8:7:34:795,56.319795,44.055662,2.400000,154,0,294,8.184597969055176
8:7:35:607,56.319825,44.055552,3.900000,153.8,0,295,7.655978202819824
8:7:37:144,56.319855,44.055440,3.600000,153.7,0,295,7.690464496612549
8:7:38:964,56.319903,44.055195,3.900000,153.5,0,292,7.980768203735352
8:7:39:738,56.319927,44.055075,3.900000,153.3,0,291,7.945766925811768
8:7:40:914,56.319948,44.054960,2.900000,153.2,0,289,7.339424133300781
8:7:41:681,56.319967,44.054848,2.800000,153.1,0,286,7.163903713226318
8:7:43:188,56.319985,44.054738,2.800000,152.8,0,287,7.134049892425537
8:7:44:694,56.320023,44.054512,3.900000,152.8,0,286,7.262215614318848
8:7:44:715,56.320023,44.054512,2.700000,152.8,0,286,7.262215614318848
8:7:47:52,56.320058,44.054272,2.700000,152.9,0,284,7.721348285675049
8:7:48:641,56.320088,44.054028,2.700000,152.8,0,284,7.667302131652832
8:7:50:976,56.320112,44.053790,2.800000,153.1,0,281,7.540165901184082
8:7:51:838,56.320122,44.053672,3.900000,153.1,0,280,7.507223606109619
8:7:52:675,56.320140,44.053548,2.800000,153.1,0,283,8.119743347167969
8:7:54:130,56.320155,44.053423,2.800000,153.1,0,282,7.790835380554199
8:7:54:915,56.320173,44.053305,2.800000,153.2,0,285,7.759952068328857
8:7:55:731,56.320190,44.053185,3.900000,153.3,0,282,7.8479695320129395
8:7:58:17,56.320230,44.052943,3.900000,153.3,0,285,7.813998222351074
8:7:58:815,56.320245,44.052825,3.900000,153.2,0,283,7.815027713775635
8:7:59:669,56.320260,44.052705,3.900000,153.1,0,283,7.93444299697876
8:8:1:199,56.320277,44.052582,2.800000,152.9,0,283,7.958634853363037
8:8:2:17,56.320293,44.052460,2.800000,152.9,0,283,7.875249862670898
8:8:2:836,56.320312,44.052332,3.900000,152.8,0,282,8.552624702453613
8:8:3:663,56.320332,44.052205,3.900000,152.9,0,286,7.765614032745361
8:8:5:147,56.320348,44.052077,2.800000,152.8,0,284,7.954517364501953
8:8:6:754,56.320378,44.051813,2.700000,152.5,0,281,8.013710021972656
8:8:8:229,56.320397,44.051677,4.000000,152.3,0,282,8.463577270507812
8:8:9:116,56.320412,44.051508,3.700000,152.4,0,284,8.49085807800293
8:8:10:747,56.320437,44.051207,3.300000,152.6,0,280,8.686966896057129
8:8:12:647,56.320475,44.050928,3.200000,152.5,0,282,9.51412582397461
8:8:13:786,56.320493,44.050782,3.100000,152.5,0,283,9.333972930908203
8:8:16:88,56.320533,44.050482,3.100000,152.4,0,281,10.160101890563965
8:8:16:965,56.320562,44.050337,3.100000,152.3,0,293,8.325117111206055
8:8:17:845,56.320585,44.050218,3.100000,152.1,0,292,7.671420097351074
8:8:18:669,56.320602,44.050080,3.900000,151.9,0,286,8.98653507232666
8:8:19:881,56.320622,44.049938,3.000000,151.7,0,284,9.310295104980469
8:8:20:638,56.320638,44.049793,3.900000,151.6,0,285,9.397798538208008
8:8:23:9,56.320673,44.049503,3.900000,151.2,0,282,9.728249549865723
8:8:23:746,56.320688,44.049363,2.800000,149.8,0,282,8.997859001159668
8:8:25:302,56.320705,44.049228,2.800000,149.2,0,282,8.83417797088623
8:8:26:255,56.320723,44.049095,2.700000,148.6,0,283,8.476445198059082
8:8:27:121,56.320740,44.048970,2.700000,148.2,0,283,7.818115711212158
8:8:27:983,56.320760,44.048852,2.700000,147.7,0,286,7.5947265625
8:8:28:812,56.320775,44.048735,2.700000,147.5,0,282,7.513400077819824
8:8:29:659,56.320787,44.048628,2.700000,147.4,0,281,6.581753253936768
8:8:31:167,56.320802,44.048528,2.800000,147.2,0,285,6.312553405761719
8:8:32:9,56.320815,44.048433,2.900000,146.9,0,284,6.2281389236450195
8:8:33:704,56.320840,44.048247,3.900000,146.6,0,283,5.917761325836182
8:8:36:118,56.320870,44.048083,3.200000,146.1,0,289,5.34744930267334
8:8:36:959,56.320882,44.048015,3.100000,146.1,0,286,4.567130088806152
8:8:37:844,56.320892,44.047948,3.900000,145.9,0,282,4.189324378967285
8:8:38:659,56.320900,44.047890,4.600000,145.8,0,288,3.7775464057922363
8:8:40:440,56.320912,44.047840,4.200000,145.6,0,285,3.5340828895568848
8:8:42:31,56.320915,44.047805,4.000000,145.6,0,288,0.09110583364963531
8:8:42:881,56.320918,44.047800,3.800000,145.5,0,288,0.0977972224354744
8:8:43:786,56.320917,44.047802,3.800000,145.4,0,288,0.044780831784009933
8:8:44:637,56.320902,44.047815,3.900000,145.4,0,288,0
8:8:46:182,56.320895,44.047830,3.900000,145.4,0,288,0
8:8:47:1,56.320885,44.047842,3.400000,145.5,0,288,0
8:8:47:859,56.320885,44.047842,3.400000,145.5,0,288,0
8:8:48:699,56.320885,44.047842,3.300000,145.5,0,288,0
8:8:50:269,56.320885,44.047842,3.200000,145.5,0,288,0
8:8:51:76,56.320885,44.047842,3.200000,145.5,0,288,0
8:8:51:927,56.320855,44.047830,3.200000,145.4,0,268,1.956973910331726
8:8:52:787,56.320858,44.047792,3.900000,145.4,0,269,2.5962588787078857
8:8:53:593,56.320867,44.047723,3.200000,145.5,0,277,3.8614461421966553
8:8:54:331,56.320867,44.047723,3.900000,145.5,0,277,3.8614461421966553
8:8:55:207,56.320883,44.047630,3.900000,145.4,0,279,4.937215328216553
8:8:56:70,56.320908,44.047520,3.900000,145.3,0,285,5.963571548461914
8:8:56:915,56.320923,44.047425,3.300000,145.2,0,284,5.733490943908691
8:8:57:782,56.320940,44.047312,3.300000,145,0,284,6.367628574371338
8:8:58:639,56.320973,44.047202,3.300000,144.9,0,291,6.593076705932617
8:9:0:550,56.320997,44.047097,3.300000,145,0,291,6.978089332580566
8:9:1:667,56.321030,44.046905,3.100000,145.3,0,282,5.97180700302124
8:9:3:293,56.321042,44.046807,3.900000,145,0,280,6.425792217254639
8:9:4:161,56.321045,44.046697,3.100000,144.8,0,276,6.594621181488037
8:9:5:861,56.321077,44.046462,3.000000,144.3,0,284,7.529356479644775
8:9:6:655,56.321093,44.046335,2.900000,144.4,0,283,8.102242469787598
8:9:9:27,56.321132,44.046077,3.000000,143.9,0,286,8.02194595336914
8:9:10:725,56.321168,44.045803,4.100000,143.7,0,284,8.626229286193848
8:9:11:655,56.321178,44.045667,3.800000,143.7,0,284,8.474386215209961
8:9:14:43,56.321203,44.045377,3.600000,142.8,0,279,8.910871505737305
8:9:15:779,56.321235,44.045097,3.900000,142.6,0,283,9.020506858825684
8:9:16:705,56.321252,44.044958,3.500000,142.3,0,282,8.91601848602295
8:9:17:582,56.321267,44.044813,3.900000,141.9,0,282,9.257279396057129
8:9:18:748,56.321278,44.044672,3.900000,141.3,0,281,8.83108901977539
8:9:20:389,56.321292,44.044532,3.300000,140.7,0,281,8.668951988220215
8:9:21:256,56.321307,44.044400,3.900000,140.3,0,280,8.387913703918457
8:9:22:137,56.321322,44.044268,3.900000,140,0,281,8.37658977508545
8:9:23:853,56.321352,44.044002,3.200000,139.1,0,281,8.258203506469727
8:9:24:728,56.321365,44.043867,3.200000,138.5,0,276,8.172759056091309
8:9:25:644,56.321373,44.043737,3.200000,138.1,0,273,8.313278198242188
8:9:28:150,56.321390,44.043460,3.200000,137.8,0,277,8.7626314163208
8:9:29:852,56.321398,44.043178,3.900000,138,0,273,8.611302375793457
8:9:30:799,56.321398,44.043042,3.900000,137.6,0,269,8.628803253173828
8:9:31:677,56.321397,44.042900,3.900000,137.4,0,269,8.78836727142334
8:9:34:159,56.321393,44.042628,3.900000,136.2,0,269,8.555197715759277
8:9:35:18,56.321390,44.042495,3.000000,135.7,0,268,8.214451789855957
8:9:35:950,56.321383,44.042362,3.000000,135.4,0,266,8.374015808105469
8:9:36:869,56.321382,44.042230,3.000000,135.3,0,268,8.079594612121582
8:9:37:736,56.321373,44.042100,3.000000,135.2,0,265,8.102242469787598
8:9:38:692,56.321367,44.041975,3.000000,134.7,0,264,7.884514808654785
8:9:40:313,56.321362,44.041845,3.000000,134.5,0,265,8.081653594970703
8:9:41:229,56.321352,44.041720,4.400000,134.1,0,265,7.799071311950684
8:9:42:189,56.321345,44.041592,3.900000,133.9,0,271,7.799071311950684
8:9:43:70,56.321348,44.041463,3.900000,133.9,0,275,8.03532886505127
8:9:43:976,56.321358,44.041335,3.900000,133.9,0,278,7.282804489135742
8:9:44:890,56.321372,44.041217,3.900000,133.7,0,278,7.4789137840271
8:9:45:740,56.321393,44.041102,3.200000,133.6,0,280,7.049120903015137
8:9:46:679,56.321422,44.040987,3.100000,133.2,0,286,8.051799774169922
8:9:47:640,56.321442,44.040868,3.900000,133,0,285,7.519062042236328
8:9:50:60,56.321475,44.040643,2.900000,132.7,0,283,6.288361549377441
8:9:50:930,56.321493,44.040553,3.900000,132.4,0,287,5.491056442260742
8:9:52:756,56.321535,44.040443,2.800000,131.6,0,315,4.197044849395752
8:9:53:679,56.321552,44.040388,2.800000,131,0,304,3.964390516281128
8:9:55:693,56.321570,44.040217,3.900000,129.7,0,284,5.3078155517578125
8:9:55:708,56.321570,44.040217,2.700000,129.7,0,284,5.3078155517578125
8:9:57:980,56.321590,44.040035,2.800000,129.1,0,282,5.4699530601501465
8:9:59:743,56.321638,44.039868,2.800000,129.2,0,289,6.105635166168213
8:10:0:675,56.321652,44.039773,3.900000,128.8,0,289,6.31461238861084
8:10:2:722,56.321693,44.039618,2.700000,127.2,0,297,6.119532585144043
8:10:5:995,56.321777,44.039352,2.700000,126.6,0,300,5.694372177124023
8:10:7:890,56.321817,44.039145,2.600000,125.8,0,287,6.201888084411621
8:10:8:877,56.321837,44.039052,3.900000,125.7,0,295,5.895113468170166
8:10:9:776,56.321847,44.038968,3.900000,125.5,0,291,5.718564033508301
8:10:10:719,56.321863,44.038877,3.900000,125.6,0,288,5.7473883628845215
8:10:11:591,56.321887,44.038783,4.100000,125.4,0,291,5.87298059463501
8:10:12:729,56.321888,44.038637,3.900000,125.5,0,287,5.879157066345215
8:10:12:760,56.321888,44.038637,3.700000,125.5,0,287,5.879157066345215
8:10:14:281,56.321887,44.038515,3.500000,125.6,0,289,5.693342685699463
8:10:15:188,56.321898,44.038432,3.500000,125.6,0,284,5.437525749206543
8:10:16:967,56.321935,44.038237,3.300000,125.5,0,286,4.799270153045654
8:10:17:871,56.321962,44.038183,3.900000,125.2,0,286,4.148661136627197
8:10:18:799,56.321983,44.038127,3.000000,125.3,0,299,3.8418867588043213
8:10:19:685,56.321998,44.038065,3.000000,125.3,0,297,4.244399547576904
8:10:20:597,56.322005,44.038008,3.900000,125.6,0,288,4.228443145751953
8:10:21:750,56.322008,44.037955,3.900000,125.6,0,269,3.4573891162872314
8:10:22:629,56.321998,44.037937,2.900000,125.5,0,240,1.642478585243225
8:10:24:290,56.321993,44.037923,2.900000,125.5,0,240,0.07360527664422989
8:10:25:170,56.321992,44.037920,2.900000,125.4,0,240,0.04117777943611145
8:10:26:99,56.321992,44.037922,2.900000,125.4,0,240,0.056619442999362946
8:10:28:18,56.321990,44.037910,2.900000,125.4,0,240,0
8:10:28:873,56.321985,44.037913,3.900000,125.5,0,240,0
8:10:29:865,56.321985,44.037913,2.800000,125.5,0,240,0
8:10:30:765,56.321982,44.037923,2.800000,125.3,0,240,0.06794333457946777
8:10:31:750,56.321982,44.037932,3.900000,125.1,0,240,0
8:10:32:811,56.321983,44.037935,2.800000,125.5,0,240,0
8:10:33:775,56.321982,44.037938,2.900000,125.7,0,240,0
8:10:34:701,56.321982,44.037938,2.800000,125.7,0,240,0
8:10:36:743,56.321982,44.037938,2.800000,125.7,0,240,0
8:10:37:637,56.321982,44.037938,2.800000,125.7,0,240,0
8:10:40:128,56.321982,44.037938,2.800000,125.7,0,240,0
8:10:42:150,56.321982,44.037938,2.800000,125.7,0,240,0
8:10:44:85,56.321982,44.037938,2.700000,125.7,0,240,0
8:10:45:20,56.321982,44.037938,2.700000,125.7,0,240,0
8:10:46:851,56.321982,44.037938,2.700000,125.7,0,240,0
8:10:47:778,56.321982,44.037938,2.700000,125.7,0,240,0
8:10:48:703,56.321982,44.037938,2.700000,125.7,0,240,0
8:10:49:662,56.321982,44.037938,2.700000,125.7,0,240,0
8:10:52:222,56.321982,44.037938,2.700000,125.7,0,240,0
8:10:53:114,56.321982,44.037938,2.700000,125.7,0,240,0
8:10:54:141,56.321982,44.037938,2.800000,125.7,0,240,0
8:10:55:62,56.321982,44.037938,2.800000,125.7,0,240,0
8:10:55:933,56.321982,44.037938,2.900000,125.7,0,240,0
8:10:56:893,56.321982,44.037938,2.900000,125.7,0,240,0
8:10:57:768,56.321982,44.037938,2.800000,125.7,0,240,0
8:10:58:697,56.321982,44.037938,2.800000,125.7,0,240,0
8:11:0:508,56.321982,44.037938,2.800000,125.7,0,240,0
8:11:2:413,56.321983,44.037872,2.800000,132.1,0,240,0.7
8:11:4:292,56.321993,44.037833,2.800000,132.1,0,240,0.8415708541870117
8:11:5:284,56.321998,44.037835,2.800000,132,0,240,0.6516383290290833
8:11:6:198,56.322012,44.037830,2.800000,132,0,240,0.6279610991477966
8:11:7:120,56.322022,44.037822,2.800000,132,0,240,0
8:11:8:46,56.322012,44.037827,2.700000,132,0,240,0
8:11:8:933,56.322010,44.037833,3.900000,131.9,0,240,0
8:11:9:873,56.322013,44.037835,3.900000,131.9,0,240,0
8:11:10:805,56.322013,44.037835,2.600000,131.9,0,240,0
8:11:11:861,56.322013,44.037835,2.600000,131.9,0,240,0
8:11:12:892,56.322013,44.037835,2.500000,131.9,0,240,0
8:11:13:852,56.322013,44.037835,2.500000,131.9,0,240,0
8:11:14:794,56.322013,44.037835,3.900000,131.9,0,240,0
8:11:15:706,56.322013,44.037835,2.500000,131.9,0,240,0
8:11:16:642,56.322013,44.037835,2.500000,131.9,0,240,0
8:11:18:402,56.322013,44.037835,2.500000,131.9,0,240,0
8:11:20:290,56.322013,44.037835,2.500000,131.9,0,240,0
8:11:20:273,56.322013,44.037835,3.900000,131.9,0,240,0
8:11:22:193,56.322013,44.037835,3.900000,131.9,0,240,0
8:11:23:240,56.322013,44.037835,2.600000,131.9,0,240,0
8:11:25:67,56.322013,44.037835,3.900000,131.9,0,240,0
8:11:25:86,56.322013,44.037835,2.800000,131.9,0,240,0
8:11:26:9,56.322013,44.037835,3.900000,131.9,0,240,0
8:11:27:21,56.322013,44.037835,3.900000,131.9,0,240,0
8:11:27:941,56.322013,44.037835,3.900000,131.9,0,240,0
8:11:28:849,56.322013,44.037835,2.800000,131.9,0,240,0
8:11:29:758,56.322013,44.037835,3.900000,131.9,0,240,0
8:11:30:688,56.322013,44.037835,2.800000,131.9,0,240,0
8:11:31:635,56.322013,44.037835,2.700000,131.9,0,240,0
8:11:34:89,56.322013,44.037835,2.700000,131.9,0,240,0
8:11:35:816,56.322013,44.037835,3.900000,131.9,0,240,0
8:11:35:841,56.322013,44.037835,2.700000,131.9,0,240,0
8:11:37:814,56.322013,44.037835,2.700000,131.9,0,240,0
8:11:38:792,56.322013,44.037835,2.700000,131.9,0,240,0
8:11:39:699,56.322013,44.037835,3.900000,131.9,0,240,0
8:11:39:716,56.322013,44.037835,2.700000,131.9,0,240,0
8:11:40:586,56.322013,44.037835,3.900000,131.9,0,240,0
8:11:40:677,56.322013,44.037835,2.700000,131.9,0,240,0
8:11:42:696,56.322013,44.037835,2.700000,131.9,0,240,0
8:11:44:491,56.322013,44.037835,2.800000,131.9,0,240,0
8:11:45:801,56.322013,44.037835,2.800000,131.9,0,240,0
8:11:46:830,56.322012,44.037742,3.900000,131.2,0,240,0.8184083104133606
8:11:47:758,56.322013,44.037723,3.900000,131.3,0,240,1.055180549621582
8:11:48:701,56.322028,44.037688,3.900000,131.6,0,240,1.3130563497543335
8:11:49:635,56.322043,44.037672,3.900000,131.7,0,240,1.4875472784042358
8:11:50:576,56.322055,44.037648,3.900000,131.8,0,295,2.2091877460479736
8:11:51:878,56.322063,44.037620,3.900000,131.9,0,288,2.3733842372894287
8:11:52:791,56.322072,44.037585,2.900000,131.9,0,288,2.944211006164551
8:11:53:769,56.322082,44.037537,2.900000,131.9,0,292,3.5279061794281006
8:11:54:742,56.322090,44.037475,3.900000,132,0,286,4.394698143005371
8:11:55:759,56.322103,44.037402,2.800000,132.1,0,289,4.9485392570495605
8:11:56:694,56.322118,44.037320,3.900000,132.1,0,288,5.304727077484131
8:11:57:700,56.322135,44.037238,2.700000,132.2,0,290,5.4426727294921875
8:11:58:700,56.322153,44.037153,3.900000,132.2,0,290,5.654223442077637
8:11:59:657,56.322172,44.037065,3.900000,132.2,0,290,5.907981872558594
8:12:0:619,56.322192,44.036973,2.600000,132.2,0,291,5.920334815979004
8:12:2:789,56.322233,44.036787,3.900000,132.5,0,281,7.302364349365234
8:12:4:783,56.322265,44.036573,2.700000,132.7,0,298,5.392230033874512
8:12:5:739,56.322287,44.036490,2.700000,132.9,0,300,5.586280345916748
8:12:6:702,56.322303,44.036383,2.600000,133.2,0,290,6.9919867515563965
8:12:7:651,56.322325,44.036268,2.600000,133.3,0,289,7.760467052459717
8:12:8:612,56.322348,44.036145,2.600000,133.5,0,290,7.983856201171875
8:12:10:376,56.322370,44.036022,2.600000,133.7,0,287,8.202098846435547
8:12:11:260,56.322393,44.035893,2.600000,134,0,288,8.36011791229248
8:12:12:217,56.322420,44.035770,2.600000,134,0,290,8.139302253723145
8:12:13:213,56.322443,44.035647,2.600000,134.1,0,286,8.573213577270508
8:12:14:250,56.322470,44.035515,2.700000,134.4,0,289,8.253056526184082
8:12:15:251,56.322492,44.035390,2.700000,134.3,0,288,7.945766925811768
8:12:16:292,56.322510,44.035262,2.700000,134.3,0,286,8.36011791229248
8:12:18:203,56.322558,44.035002,2.800000,134.5,0,288,8.402325630187988
8:12:19:226,56.322592,44.034880,3.900000,134.6,0,295,8.217025756835938
8:12:20:251,56.322632,44.034772,4.200000,134.6,0,304,8.180480003356934
8:12:21:230,56.322687,44.034675,3.900000,134.6,0,312,7.672964096069336
8:12:22:223,56.322735,44.034597,3.700000,134.9,0,319,7.360013008117676
8:12:23:201,56.322782,44.034520,3.500000,135,0,317,6.86948299407959
8:12:24:123,56.322832,44.034463,3.400000,134.9,0,329,6.39851188659668
8:12:25:150,56.322883,44.034425,3.400000,135.1,0,335,6.316670894622803
8:12:26:102,56.322940,44.034397,3.900000,135.1,0,341,6.407776832580566
8:12:27:77,56.322998,44.034383,3.300000,135.1,0,349,6.501456260681152
8:12:28:153,56.323058,44.034377,3.900000,135,0,355,6.692418098449707
8:12:29:67,56.323118,44.034373,3.900000,134.8,0,354,6.685727119445801
8:12:30:67,56.323170,44.034372,3.400000,134.7,0,356,6.12982702255249
8:12:31:52,56.323213,44.034387,3.900000,134.7,0,3,5.569294452667236
8:12:32:52,56.323255,44.034415,3.600000,134.5,0,9,5.070528507232666
8:12:33:51,56.323293,44.034467,3.600000,134.4,0,24,5.441643238067627
8:12:34:33,56.323315,44.034568,3.300000,134,0,31,4.3952131271362305
8:12:35:77,56.323347,44.034612,3.900000,133.4,0,19,3.9355661869049072
8:12:36:67,56.323382,44.034618,3.200000,133.1,0,350,4.1239542961120605
8:12:37:32,56.323410,44.034598,3.900000,132.9,0,341,3.798650026321411
8:12:38:27,56.323373,44.034547,3.100000,132.5,0,240,2.6153035163879395
8:12:38:983,56.323357,44.034508,2.900000,133.1,0,223,3.1470117568969727
8:12:39:955,56.323327,44.034490,2.900000,133.2,0,203,3.2267935276031494
8:12:40:927,56.323297,44.034465,2.900000,133.2,0,203,3.8949029445648193
8:12:41:877,56.323263,44.034430,3.900000,133.4,0,208,3.9005649089813232
8:12:42:850,56.323228,44.034395,2.900000,133.2,0,208,4.248517036437988
8:12:43:848,56.323192,44.034363,3.900000,133.3,0,213,4.219692707061768
8:12:44:816,56.323160,44.034320,3.100000,133.4,0,214,4.392124652862549
8:12:45:792,56.323128,44.034273,3.200000,133.4,0,211,4.381830215454102
8:12:46:756,56.323097,44.034222,3.200000,133.3,0,214,4.710737705230713
8:12:47:732,56.323062,44.034178,3.300000,133.2,0,212,4.674707412719727
8:12:48:746,56.323023,44.034132,3.300000,133.2,0,211,5.115309238433838
8:12:49:700,56.322978,44.034097,3.400000,133.2,0,206,5.309359550476074
8:12:50:733,56.322933,44.034057,5.000000,133.4,0,206,5.394289016723633
8:12:51:724,56.322882,44.033995,4.300000,133.7,0,210,5.309359550476074
8:12:52:661,56.322830,44.033932,4.000000,134,0,202,5.302153587341309
8:12:53:681,56.322762,44.033928,3.900000,135.1,0,206,5.85856819152832
8:12:54:643,56.322722,44.033893,3.300000,135,0,205,5.336639881134033
8:12:55:574,56.322678,44.033863,3.900000,135.7,0,202,5.57495641708374
8:12:56:678,56.322637,44.033837,3.900000,136.2,0,204,5.017512321472168
8:12:58:518,56.322605,44.033810,3.900000,136.7,0,205,4.1023359298706055
8:12:59:579,56.322575,44.033783,2.800000,136.8,0,197,1.5652703046798706
8:13:0:678,56.322570,44.033783,2.800000,136.6,0,197,0.08647333085536957
8:13:1:740,56.322582,44.033785,2.700000,137.2,0,197,0
8:13:2:687,56.322585,44.033788,2.600000,138,0,197,0
8:13:3:626,56.322592,44.033797,2.600000,137.9,0,197,0
8:13:4:617,56.322592,44.033797,2.500000,137.9,0,197,0
8:13:7:810,56.322592,44.033797,2.400000,137.9,0,197,0
8:13:8:711,56.322592,44.033797,2.400000,137.9,0,197,0
8:13:9:770,56.322592,44.033797,2.400000,137.9,0,197,0
8:13:11:839,56.322592,44.033797,2.300000,137.9,0,197,0
8:13:12:830,56.322592,44.033797,2.300000,137.9,0,197,0
8:13:13:801,56.322592,44.033797,2.300000,137.9,0,197,0
8:13:14:798,56.322592,44.033797,3.900000,137.9,0,197,0
8:13:15:730,56.322592,44.033797,3.900000,137.9,0,197,0
8:13:16:706,56.322592,44.033797,3.900000,137.9,0,197,0
8:13:17:705,56.322592,44.033797,2.200000,137.9,0,197,0
8:13:19:634,56.322613,44.033745,2.200000,145.2,0,197,1.3887205123901367
8:13:20:663,56.322597,44.033738,2.200000,145.4,0,199,2.534492254257202
8:13:21:699,56.322575,44.033717,3.400000,145.7,0,214,2.7970006465911865
8:13:22:698,56.322548,44.033710,3.200000,146,0,206,3.087303876876831
8:13:23:649,56.322510,44.033712,3.200000,146.3,0,202,3.9396839141845703
8:13:24:652,56.322467,44.033702,3.100000,146.4,0,199,4.561983108520508
8:13:25:680,56.322423,44.033672,3.100000,146.5,0,205,4.99229097366333
8:13:26:680,56.322372,44.033608,3.900000,146.5,0,209,5.307301044464111
8:13:27:656,56.322323,44.033557,3.100000,146.3,0,210,5.842097282409668
8:13:28:664,56.322275,44.033493,3.900000,146.1,0,215,6.080928325653076
8:13:29:667,56.322227,44.033415,3.000000,145.8,0,223,7.01051664352417
8:13:30:657,56.322173,44.033328,3.000000,145.6,0,219,7.694582462310791
8:13:31:702,56.322120,44.033235,3.100000,145.4,0,221,7.677082061767578
8:13:32:762,56.322065,44.033143,3.100000,145.2,0,219,8.3040132522583
8:13:33:749,56.322007,44.033050,3.900000,145,0,222,8.582478523254395
8:13:34:727,56.321945,44.032957,3.900000,144.4,0,223,8.819250106811523
8:13:35:740,56.321888,44.032850,3.900000,143.9,0,224,8.994256019592285
8:13:36:730,56.321827,44.032743,3.300000,143.5,0,224,9.713837623596191
8:13:37:756,56.321765,44.032632,3.900000,143.2,0,225,9.512066841125488
8:13:38:738,56.321702,44.032517,3.300000,142.8,0,225,9.879578590393066
8:13:39:826,56.321638,44.032397,3.400000,142.4,0,227,10.280547142028809
8:13:40:867,56.321555,44.032307,3.200000,142,0,224,10.252237319946289
8:13:41:863,56.321470,44.032215,3.000000,141.6,0,223,10.250693321228027
8:13:42:839,56.321395,44.032113,2.900000,141.2,0,220,10.440625190734863
8:13:43:883,56.321318,44.032002,2.900000,140.6,0,224,10.590409278869629
8:13:45:19,56.321243,44.031887,2.800000,139.9,0,225,11.4324951171875
8:13:46:35,56.321173,44.031758,2.800000,139.4,0,227,10.42724323272705
8:13:47:46,56.321105,44.031655,3.900000,138.7,0,228,8.532549858093262
8:13:48:30,56.321048,44.031537,2.800000,137.8,0,229,9.34375286102295
8:13:49:20,56.320988,44.031425,2.800000,136.7,0,226,9.476036071777344
8:13:50:10,56.320925,44.031327,3.900000,135.9,0,221,8.80072021484375
8:13:51:37,56.320867,44.031238,2.700000,135.3,0,220,8.110478401184082
8:13:52:111,56.320820,44.031160,2.700000,134.6,0,223,6.615210056304932
8:13:54:127,56.320748,44.031075,3.700000,133.4,0,217,3.348782777786255
8:13:55:185,56.320732,44.031060,3.300000,132.9,0,221,1.9703567028045654
8:13:56:191,56.320723,44.031043,3.200000,132.2,0,221,0.08132611215114594
8:13:57:242,56.320723,44.031037,3.000000,131.5,0,221,0
8:13:58:262,56.320727,44.031037,3.900000,132,0,221,0
8:13:59:313,56.320727,44.031037,3.900000,132.2,0,221,0
8:14:0:320,56.320727,44.031037,3.900000,132.2,0,221,0
8:14:2:344,56.320727,44.031037,2.700000,132.2,0,221,0
8:14:3:385,56.320727,44.031037,2.700000,132.2,0,221,0
8:14:5:653,56.320727,44.031037,3.900000,132.2,0,221,0
8:14:6:630,56.320727,44.031037,2.600000,132.2,0,221,0
8:14:7:710,56.320727,44.031037,2.600000,132.2,0,221,0
8:14:8:740,56.320697,44.030983,2.600000,131.7,0,222,1.9446206092834473
8:14:9:776,56.320675,44.030947,2.500000,131.3,0,226,4.1229248046875
8:14:10:800,56.320642,44.030893,3.900000,131.2,0,220,5.113250732421875
8:14:11:816,56.320605,44.030830,2.500000,130.7,0,223,5.817905426025391
8:14:12:855,56.320563,44.030768,2.600000,130.6,0,220,6.168431282043457
8:14:13:859,56.320515,44.030702,2.600000,130.5,0,222,7.021326065063477
8:14:14:908,56.320463,44.030608,3.900000,130.7,0,224,8.266438484191895
8:14:15:929,56.320405,44.030515,2.600000,130.6,0,223,8.550050735473633
8:14:17:25,56.320347,44.030422,2.600000,130.4,0,221,8.46306324005127
8:14:18:37,56.320288,44.030323,3.900000,130,0,224,8.150111198425293
8:14:19:57,56.320233,44.030228,2.600000,130.3,0,224,7.928781032562256
8:14:20:137,56.320183,44.030132,2.600000,130.6,0,226,8.06312370300293
8:14:21:166,56.320142,44.030035,3.900000,130.4,0,230,7.397073268890381
8:14:23:162,56.320065,44.029842,3.900000,130.3,0,234,7.501047134399414
8:14:24:172,56.320027,44.029743,3.900000,130.4,0,231,6.881321430206299
8:14:25:250,56.319980,44.029662,3.600000,130.5,0,232,6.679035663604736
8:14:26:341,56.319942,44.029577,3.500000,130.6,0,234,6.407776832580566
8:14:27:413,56.319905,44.029488,3.500000,130.5,0,239,6.021735191345215
8:14:28:694,56.319865,44.029317,3.900000,130.2,0,243,5.833861827850342
8:14:29:717,56.319837,44.029243,3.200000,130.2,0,237,5.179649829864502
8:14:30:798,56.319813,44.029173,3.200000,129.9,0,241,4.984570026397705
8:14:32:13,56.319795,44.029103,3.100000,129.7,0,242,4.961407661437988
8:14:33:52,56.319773,44.029045,3.200000,129.2,0,237,4.496613502502441
8:14:34:110,56.319750,44.028983,3.100000,128.9,0,241,4.845594882965088
8:14:35:120,56.319725,44.028925,3.000000,128.4,0,242,4.881625652313232
8:14:36:205,56.319702,44.028863,3.000000,127.8,0,238,4.856918811798096
8:14:37:232,56.319672,44.028803,3.000000,127.5,0,232,5.052513122558594
8:14:38:279,56.319643,44.028743,3.900000,127.4,0,234,4.921773910522461
8:14:39:286,56.319615,44.028687,3.900000,127.3,0,230,4.787431240081787
8:14:40:407,56.319590,44.028620,3.100000,127.1,0,234,4.880596160888672
8:14:42:540,56.319537,44.028507,3.200000,126.7,0,234,4.449773788452148
8:14:42:691,56.319515,44.028440,3.100000,126.5,0,236,4.693751811981201
8:14:43:890,56.319492,44.028370,3.100000,126.3,0,242,4.690148830413818
8:14:45:988,56.319452,44.028233,3.000000,125.7,0,244,4.590292930603027
8:14:47:41,56.319433,44.028158,3.100000,125.4,0,243,4.859492301940918
8:14:48:85,56.319410,44.028088,3.900000,125.2,0,237,5.097808837890625
8:14:49:110,56.319392,44.028015,3.000000,124.9,0,246,4.517716884613037
8:14:50:261,56.319378,44.027943,2.900000,125,0,245,4.52286434173584
8:14:51:349,56.319363,44.027878,2.900000,124.9,0,245,3.790929079055786
8:14:53:554,56.319355,44.027753,3.900000,124.8,0,260,3.464080572128296
8:14:53:666,56.319343,44.027697,3.000000,124.7,0,261,3.9283599853515625
8:14:54:710,56.319328,44.027647,4.400000,124.2,0,252,3.3009135723114014
8:14:55:860,56.319313,44.027587,4.000000,124.2,0,247,3.2659125328063965
8:14:56:946,56.319305,44.027537,3.900000,124.1,0,246,2.967888355255127
8:14:59:30,56.319293,44.027482,3.800000,123.9,0,244,1.1823168992996216
8:15:0:74,56.319298,44.027472,3.900000,123.8,0,244,1.1910672187805176
8:15:1:180,56.319290,44.027448,3.500000,123.6,0,233,2.1052138805389404
8:15:2:235,56.319278,44.027413,3.500000,123.5,0,231,2.766631841659546
8:15:3:651,56.319220,44.027375,3.400000,123.6,0,190,2.8299427032470703
8:15:5:885,56.319162,44.027392,3.300000,123.7,0,168,2.890165328979492
8:15:7:8,56.319130,44.027405,3.300000,123.5,0,176,2.5278007984161377
8:15:8:58,56.319102,44.027410,3.900000,123.8,0,182,2.2730133533477783
8:15:9:156,56.319077,44.027422,3.200000,123.8,0,163,2.44647479057312
8:15:10:234,56.319073,44.027420,3.900000,123.8,0,163,1.4160008430480957
8:15:11:264,56.319067,44.027425,3.200000,123.9,0,163,1.1251827478408813
8:15:12:335,56.319055,44.027432,3.200000,124,0,163,1.3125417232513428
8:15:14:436,56.319058,44.027452,3.200000,124.4,0,163,1.1184914112091064
8:15:15:526,56.319068,44.027465,3.200000,124.5,0,111,1.7443935871124268
8:15:15:636,56.319067,44.027490,3.200000,124.8,0,114,2.0151374340057373
8:15:16:727,56.319063,44.027505,3.200000,125.1,0,127,2.215364456176758
8:15:17:805,56.319060,44.027507,3.900000,125.1,0,127,0
8:15:18:894,56.319037,44.027485,3.300000,125,0,215,0
8:15:19:943,56.319017,44.027440,3.900000,124.6,0,222,0
8:15:21:1,56.319003,44.027395,3.400000,124.6,0,232,2.583390951156616
8:15:22:72,56.318985,44.027352,3.400000,124.7,0,227,0
8:15:23:166,56.318957,44.027313,3.400000,124.6,0,239,3.398196220397949
8:15:24:209,56.318908,44.027288,3.300000,124.3,0,237,2.807809829711914
8:15:25:227,56.318893,44.027253,3.900000,124.4,0,240,2.298234701156616
8:15:28:242,56.318803,44.027320,4.600000,124.3,0,152,2.8417813777923584
8:15:30:344,56.318733,44.027290,4.200000,123.5,0,176,3.7214417457580566
8:15:31:512,56.318680,44.027305,4.100000,123.1,0,172,4.2387375831604
8:15:31:712,56.318642,44.027288,3.900000,122.5,0,189,3.3868722915649414
8:15:32:779,56.318600,44.027260,3.700000,122.3,0,197,3.9263010025024414
8:15:33:889,56.318562,44.027208,3.600000,122.5,0,209,3.710117816925049
8:15:34:941,56.318535,44.027197,3.500000,122.4,0,201,3.3729746341705322
8:15:36:1,56.318508,44.027177,3.900000,122.3,0,204,3.2834131717681885
8:15:37:51,56.318497,44.027145,3.500000,122.1,0,225,2.969947338104248
8:15:38:117,56.318478,44.027102,3.500000,121.9,0,232,3.62673282623291
8:15:39:222,56.318460,44.027057,3.900000,121.7,0,231,3.396137237548828
8:15:40:275,56.318442,44.027012,3.700000,121.6,0,233,3.5412888526916504
8:15:41:323,56.318423,44.026965,3.900000,121.5,0,234,3.4537861347198486
8:15:42:469,56.318407,44.026920,4.100000,121.3,0,234,3.619011878967285
8:15:43:646,56.318408,44.026810,3.900000,121,0,246,3.1660563945770264
8:15:44:767,56.318408,44.026753,3.900000,121,0,250,3.407975912094116
8:15:45:861,56.318393,44.026702,3.500000,120.9,0,247,3.376577854156494
8:15:46:946,56.318380,44.026648,3.400000,120.8,0,248,3.6004819869995117
8:15:48:59,56.318367,44.026598,3.400000,120.7,0,247,3.419299840927124
8:15:49:139,56.318352,44.026548,3.900000,120.4,0,241,3.577319383621216
8:15:50:229,56.318335,44.026500,3.400000,120.2,0,243,3.475919246673584
8:15:51:246,56.318317,44.026455,3.400000,120,0,235,3.480036973953247
8:15:52:363,56.318300,44.026420,3.900000,120,0,231,3.01472806930542
8:15:53:522,56.318288,44.026398,3.600000,119.9,0,223,2.23286509513855
8:15:54:670,56.318253,44.026422,3.900000,120.4,0,159,2.364633798599243
8:15:55:786,56.318225,44.026442,3.600000,120.7,0,155,3.298340082168579
8:15:56:834,56.318200,44.026463,5.200000,120.8,0,155,3.7600457668304443
8:15:59:64,56.318138,44.026513,4.100000,120.7,0,160,3.557760000228882
8:16:0:109,56.318107,44.026533,4.000000,120.6,0,156,3.579378366470337
8:16:1:250,56.318067,44.026550,3.900000,120.5,0,155,3.95255184173584
8:16:2:299,56.318022,44.026577,3.800000,120.7,0,162,3.6797492504119873
8:16:3:394,56.317977,44.026603,3.800000,120.9,0,165,3.8753435611724854
8:16:4:480,56.317942,44.026625,3.900000,120.9,0,157,3.9679934978485107
8:16:5:645,56.317868,44.026662,3.700000,120.7,0,154,3.9690229892730713
8:16:6:772,56.317837,44.026688,3.600000,120.5,0,158,4.006083011627197
8:16:7:848,56.317807,44.026717,3.900000,120.2,0,157,3.986008882522583
8:16:8:902,56.317780,44.026745,3.900000,120.1,0,157,3.852695941925049
8:16:11:16,56.317728,44.026813,3.900000,120.3,0,153,3.6040849685668945
8:16:12:96,56.317690,44.026830,3.300000,121,0,157,3.772913932800293
8:16:13:182,56.317657,44.026865,3.900000,121.7,0,151,4.50845193862915
8:16:14:332,56.317627,44.026897,3.100000,122.1,0,158,3.169659376144409
8:16:15:366,56.317592,44.026898,3.100000,122.8,0,175,3.172747850418091
8:16:16:514,56.317567,44.026892,3.100000,123.4,0,194,3.1603944301605225
8:16:17:680,56.317515,44.026820,3.900000,124.4,0,218,3.431138277053833
8:16:17:710,56.317515,44.026820,3.000000,124.4,0,218,3.431138277053833
8:16:18:748,56.317492,44.026772,3.900000,124.7,0,227,3.958728551864624
8:16:19:881,56.317472,44.026718,3.200000,124.9,0,234,4.101821422576904
8:16:20:982,56.317455,44.026667,3.400000,125.2,0,236,3.8954176902770996
8:16:22:73,56.317438,44.026615,3.900000,125.5,0,236,3.7991647720336914
8:16:23:242,56.317423,44.026557,3.900000,125.8,0,238,3.8856379985809326
8:16:24:295,56.317408,44.026500,4.000000,126.2,0,239,3.8635048866271973
8:16:25:443,56.317387,44.026453,4.000000,126.6,0,234,3.8290185928344727
8:16:26:556,56.317377,44.026397,4.100000,126.9,0,239,3.707029342651367
8:16:27:686,56.317367,44.026348,4.200000,127.3,0,243,3.3034873008728027
8:16:28:826,56.317337,44.026245,4.000000,127.9,0,245,3.506802558898926
8:16:29:968,56.317317,44.026203,3.800000,127.9,0,234,3.198483943939209
8:16:31:105,56.317300,44.026158,3.800000,127.9,0,233,3.0492143630981445
8:16:33:309,56.317273,44.026093,3.700000,128,0,219,1.9317524433135986
8:16:33:347,56.317273,44.026093,3.900000,128,0,219,1.9317524433135986
8:16:34:501,56.317268,44.026085,3.700000,127.8,0,219,1.4432810544967651
8:16:35:713,56.317268,44.026090,3.700000,128.1,0,219,0
8:16:36:781,56.317265,44.026090,3.800000,128.2,0,219,0
8:16:37:880,56.317268,44.026085,3.900000,128.2,0,219,0
8:16:38:986,56.317268,44.026085,4.000000,128.2,0,219,0
8:16:40:74,56.317268,44.026085,4.200000,128.2,0,219,0
8:16:41:185,56.317268,44.026085,4.400000,128.2,0,219,0
8:16:42:298,56.317293,44.026055,4.600000,128.2,0,219,0
8:16:43:412,56.317298,44.026047,4.800000,128.3,0,219,0
8:16:44:739,56.317298,44.026035,5.000000,128.3,0,219,0
8:16:44:759,56.317298,44.026035,5.000000,128.3,0,219,0
8:16:45:996,56.317303,44.026028,5.100000,128.3,0,219,0
8:16:47:122,56.317312,44.026025,5.100000,128.3,0,219,0
8:16:48:214,56.317315,44.026023,5.200000,128.3,0,219,0
8:16:49:321,56.317315,44.026023,5.300000,128.3,0,219,0
8:16:50:407,56.317315,44.026023,5.300000,128.3,0,219,0
8:16:51:531,56.317315,44.026023,5.200000,128.3,0,219,0
8:16:52:673,56.317315,44.026023,5.200000,128.3,0,219,0